metodo,BestSum,CFR,CIFE,CMIM,DCSF,DISRWithMassive,FCBFDiscreteFilter,ICAP,IWFS,JMI,MIFS,MIM,MRI,MRMR,Melif,Mixed,STIR,TraceRatioFisher,WeightBased,anova,chi2_measure,f_ratio_measure,fechner_corr,generalizedCriteria,gini_index,information_gain,kendall_corr,laplacian_score,pearson_corr,reliefF_measure,spearman_corr,su_measure
BestSum,1.000,0.250,0.176,0.250,0.176,0.176,0.182,0.176,0.250,0.429,0.176,0.333,0.250,0.429,0.538,0.250,0.333,0.333,0.538,0.333,0.250,0.333,0.250,0.250,0.538,0.333,0.176,0.053,0.111,0.333,0.176,0.176
CFR,0.250,1.000,0.250,0.429,0.333,0.333,0.300,0.333,0.333,0.429,0.250,0.333,0.818,0.250,0.333,0.176,0.333,0.333,0.333,0.333,0.250,0.333,0.250,0.429,0.333,0.333,0.176,0.000,0.176,0.429,0.176,0.176
CIFE,0.176,0.250,1.000,0.250,0.250,0.111,0.083,0.429,0.111,0.111,0.176,0.111,0.250,0.053,0.333,0.429,0.176,0.111,0.429,0.111,0.111,0.111,0.429,0.429,0.333,0.111,0.538,0.250,0.538,0.176,0.538,0.111
CMIM,0.250,0.429,0.250,1.000,0.176,0.429,0.182,0.176,0.429,0.429,0.176,0.429,0.538,0.333,0.176,0.333,0.538,0.429,0.176,0.429,0.429,0.429,0.053,0.333,0.176,0.429,0.053,0.053,0.053,0.429,0.053,0.333
DCSF,0.176,0.333,0.250,0.176,1.000,0.176,0.182,0.250,0.176,0.250,0.429,0.176,0.333,0.333,0.250,0.250,0.176,0.176,0.333,0.176,0.176,0.176,0.333,0.333,0.250,0.176,0.250,0.250,0.176,0.250,0.250,0.111
DISRWithMassive,0.176,0.333,0.111,0.429,0.176,1.000,0.182,0.111,0.538,0.538,0.111,0.538,0.429,0.250,0.176,0.176,0.333,0.538,0.111,0.538,0.538,0.538,0.000,0.176,0.176,0.538,0.000,0.053,0.000,0.333,0.000,0.429
FCBFDiscreteFilter,0.182,0.300,0.083,0.182,0.182,0.182,1.000,0.083,0.182,0.182,0.182,0.182,0.182,0.083,0.182,0.083,0.083,0.182,0.182,0.182,0.182,0.182,0.083,0.182,0.182,0.182,0.083,0.000,0.083,0.083,0.083,0.083
ICAP,0.176,0.333,0.429,0.176,0.250,0.111,0.083,1.000,0.111,0.176,0.250,0.111,0.333,0.176,0.176,0.250,0.176,0.111,0.250,0.111,0.111,0.111,0.333,0.250,0.176,0.111,0.333,0.333,0.429,0.250,0.333,0.111
IWFS,0.250,0.333,0.111,0.429,0.176,0.538,0.182,0.111,1.000,0.667,0.111,0.818,0.429,0.333,0.053,0.333,0.667,0.818,0.053,0.818,0.667,0.818,0.000,0.176,0.053,0.818,0.000,0.000,0.000,0.538,0.000,0.429
JMI,0.429,0.429,0.111,0.429,0.250,0.538,0.182,0.176,0.667,1.000,0.111,0.818,0.538,0.429,0.176,0.333,0.538,0.818,0.176,0.818,0.538,0.818,0.053,0.176,0.176,0.818,0.000,0.000,0.000,0.538,0.000,0.429
MIFS,0.176,0.250,0.176,0.176,0.429,0.111,0.182,0.250,0.111,0.111,1.000,0.111,0.176,0.333,0.250,0.250,0.176,0.111,0.250,0.111,0.176,0.111,0.333,0.429,0.250,0.111,0.333,0.333,0.333,0.176,0.333,0.176
MIM,0.333,0.333,0.111,0.429,0.176,0.538,0.182,0.111,0.818,0.818,0.111,1.000,0.429,0.429,0.111,0.333,0.667,1.000,0.111,1.000,0.667,1.000,0.000,0.176,0.111,1.000,0.000,0.000,0.000,0.538,0.000,0.429
MRI,0.250,0.818,0.250,0.538,0.333,0.429,0.182,0.333,0.429,0.538,0.176,0.429,1.000,0.333,0.250,0.250,0.429,0.429,0.250,0.429,0.333,0.429,0.176,0.429,0.250,0.429,0.111,0.000,0.111,0.538,0.111,0.250
MRMR,0.429,0.250,0.053,0.333,0.333,0.250,0.083,0.176,0.333,0.429,0.333,0.429,0.333,1.000,0.250,0.176,0.429,0.429,0.250,0.429,0.538,0.429,0.111,0.250,0.250,0.429,0.053,0.111,0.000,0.429,0.053,0.250
Melif,0.538,0.333,0.333,0.176,0.250,0.176,0.182,0.176,0.053,0.176,0.250,0.111,0.250,0.250,1.000,0.176,0.111,0.111,0.818,0.111,0.111,0.111,0.429,0.333,1.000,0.111,0.333,0.053,0.250,0.176,0.333,0.053
Mixed,0.250,0.176,0.429,0.333,0.250,0.176,0.083,0.250,0.333,0.333,0.250,0.333,0.250,0.176,0.176,1.000,0.333,0.333,0.250,0.333,0.250,0.333,0.333,0.429,0.176,0.333,0.333,0.176,0.333,0.250,0.333,0.250
STIR,0.333,0.333,0.176,0.538,0.176,0.333,0.083,0.176,0.667,0.538,0.176,0.667,0.429,0.429,0.111,0.333,1.000,0.667,0.111,0.667,0.429,0.667,0.000,0.250,0.111,0.667,0.000,0.000,0.000,0.818,0.000,0.250
TraceRatioFisher,0.333,0.333,0.111,0.429,0.176,0.538,0.182,0.111,0.818,0.818,0.111,1.000,0.429,0.429,0.111,0.333,0.667,1.000,0.111,1.000,0.667,1.000,0.000,0.176,0.111,1.000,0.000,0.000,0.000,0.538,0.000,0.429
WeightBased,0.538,0.333,0.429,0.176,0.333,0.111,0.182,0.250,0.053,0.176,0.250,0.111,0.250,0.250,0.818,0.250,0.111,0.111,1.000,0.111,0.111,0.111,0.538,0.429,0.818,0.111,0.429,0.111,0.333,0.176,0.429,0.053
anova,0.333,0.333,0.111,0.429,0.176,0.538,0.182,0.111,0.818,0.818,0.111,1.000,0.429,0.429,0.111,0.333,0.667,1.000,0.111,1.000,0.667,1.000,0.000,0.176,0.111,1.000,0.000,0.000,0.000,0.538,0.000,0.429
chi2_measure,0.250,0.250,0.111,0.429,0.176,0.538,0.182,0.111,0.667,0.538,0.176,0.667,0.333,0.538,0.111,0.250,0.429,0.667,0.111,0.667,1.000,0.667,0.000,0.176,0.111,0.667,0.000,0.053,0.000,0.333,0.000,0.538
f_ratio_measure,0.333,0.333,0.111,0.429,0.176,0.538,0.182,0.111,0.818,0.818,0.111,1.000,0.429,0.429,0.111,0.333,0.667,1.000,0.111,1.000,0.667,1.000,0.000,0.176,0.111,1.000,0.000,0.000,0.000,0.538,0.000,0.429
fechner_corr,0.250,0.250,0.429,0.053,0.333,0.000,0.083,0.333,0.000,0.053,0.333,0.000,0.176,0.111,0.429,0.333,0.000,0.000,0.538,0.000,0.000,0.000,1.000,0.429,0.429,0.000,0.818,0.333,0.667,0.053,0.818,0.053
generalizedCriteria,0.250,0.429,0.429,0.333,0.333,0.176,0.182,0.250,0.176,0.176,0.429,0.176,0.429,0.250,0.333,0.429,0.250,0.176,0.429,0.176,0.176,0.176,0.429,1.000,0.333,0.176,0.429,0.111,0.429,0.250,0.429,0.176
gini_index,0.538,0.333,0.333,0.176,0.250,0.176,0.182,0.176,0.053,0.176,0.250,0.111,0.250,0.250,1.000,0.176,0.111,0.111,0.818,0.111,0.111,0.111,0.429,0.333,1.000,0.111,0.333,0.053,0.250,0.176,0.333,0.053
information_gain,0.333,0.333,0.111,0.429,0.176,0.538,0.182,0.111,0.818,0.818,0.111,1.000,0.429,0.429,0.111,0.333,0.667,1.000,0.111,1.000,0.667,1.000,0.000,0.176,0.111,1.000,0.000,0.000,0.000,0.538,0.000,0.429
kendall_corr,0.176,0.176,0.538,0.053,0.250,0.000,0.083,0.333,0.000,0.000,0.333,0.000,0.111,0.053,0.333,0.333,0.000,0.000,0.429,0.000,0.000,0.000,0.818,0.429,0.333,0.000,1.000,0.429,0.818,0.000,1.000,0.053
laplacian_score,0.053,0.000,0.250,0.053,0.250,0.053,0.000,0.333,0.000,0.000,0.333,0.000,0.000,0.111,0.053,0.176,0.000,0.000,0.111,0.000,0.053,0.000,0.333,0.111,0.053,0.000,0.429,1.000,0.429,0.000,0.429,0.176
pearson_corr,0.111,0.176,0.538,0.053,0.176,0.000,0.083,0.429,0.000,0.000,0.333,0.000,0.111,0.000,0.250,0.333,0.000,0.000,0.333,0.000,0.000,0.000,0.667,0.429,0.250,0.000,0.818,0.429,1.000,0.000,0.818,0.111
reliefF_measure,0.333,0.429,0.176,0.429,0.250,0.333,0.083,0.250,0.538,0.538,0.176,0.538,0.538,0.429,0.176,0.250,0.818,0.538,0.176,0.538,0.333,0.538,0.053,0.250,0.176,0.538,0.000,0.000,0.000,1.000,0.000,0.176
spearman_corr,0.176,0.176,0.538,0.053,0.250,0.000,0.083,0.333,0.000,0.000,0.333,0.000,0.111,0.053,0.333,0.333,0.000,0.000,0.429,0.000,0.000,0.000,0.818,0.429,0.333,0.000,1.000,0.429,0.818,0.000,1.000,0.053
su_measure,0.176,0.176,0.111,0.333,0.111,0.429,0.083,0.111,0.429,0.429,0.176,0.429,0.250,0.250,0.053,0.250,0.250,0.429,0.053,0.429,0.538,0.429,0.053,0.176,0.053,0.429,0.053,0.176,0.111,0.176,0.053,1.000
